Оригинальный производитель;Оригинальный номер части;Производитель Части;Номер Части;Описание Части;Цена;Срок поставки
DAIHATSU;88450B2140;Toyota;88450B2140;РАДИАТОР КОНДИЦИОНЕРА;81469.24 ₽;83 дня
DAIHATSU;88450B2140;Toyota;88450B2140;РАДИАТОР КОНДИЦИОНЕРА;96365.57 ₽;61 день
DAIHATSU;88450B2140;Denso;DCN35004;;28028.32 ₽;36 дней
DAIHATSU;88450B2140;Nissens;940561;Конденсатор;18880.68 ₽;48 дней
DAIHATSU;52159B1030100;Subaru;52159B1030100;ДЕТАЛЬ;58130.71 ₽;69 дней
DAIHATSU;52159B1030100;Subaru;52159B1030100;ДЕТАЛЬ;85818.92 ₽;33 дня
DAIHATSU;52159B1030100;Subaru;52159B1030S8;ДЕТАЛЬ;89180.83;50 дней
DAIHATSU;5320587403;Daihatsu;5320587403000;ПЛАНКА;12024.95 ₽;69 дней
DAIHATSU;5320587403;Daihatsu;5320587403;ПЛАНКА;12988.25 ₽;83 дня
DAIHATSU;5320587403;Daihatsu;5320587403;ПЛАНКА;15363.15 ₽;61 день
DAIHATSU;5320587403;Toyota;5320587403;ПАНЕЛЬ ПЕРЕДН.ВЕРХНЯ;13755.92 ₽;61 день
DAIHATSU;5320587403;Toyota;5320587403;ПАНЕЛЬ ПЕРЕДН.ВЕРХНЯ;11630.00 ₽;83 дня
DAIHATSU;5320587403;Daihatsu;5320587401000;ПЛАНКА;16271.62;61 день
DAIHATSU;5320587403;Daihatsu;5320587401000;ПЛАНКА;13756.66;83 дня
DAIHATSU;5330187405;Daihatsu;5330187405000;КАПОТ;58692.39 ₽;69 дней
DAIHATSU;5330187405;Daihatsu;5330187405;Капот двигателя;110048.13 ₽;36 дней
DAIHATSU;5330187405;Daihatsu;5330187405;Капот двигателя;784331.46 ₽;8 дней
DAIHATSU;5330187405;NJ;JP30202;КАПОТ TY CAMI / Dh TERIOS J1## `97-06;80760.85 ₽;36 дней
DAIHATSU;5330187405;Toyota;5330187405;КАПОТ;99568.91 ₽;25 дней
DAIHATSU;5330187405;Daihatsu;5330187402000;КАПОТ;58692.39;69 дней
DAIHATSU;8846087408;Toyota;8846087408;РАДИАТОР КОНДИЦИОНЕРА;92363.76 ₽;51 день
DAIHATSU;8846087408;Toyota;8846087403;РАДИАТОР КОНДИЦИОНЕРА;91795.68;51 день
DAIHATSU;8846087408;Toyota;8846087403;РАДИАТОР КОНДИЦИОНЕРА;81113.04;83 дня
DAIHATSU;5321587402;Daihatsu;5321587402000;КРОНШТЕЙН;2488.28 ₽;69 дней
DAIHATSU;5321587402;Daihatsu;5321587402;КРОНШТЕЙН;4670.52 ₽;83 дня
DAIHATSU;5321587402;Daihatsu;5321587402;КРОНШТЕЙН;5521.93 ₽;61 день
DAIHATSU;5321587402;Toyota;5321587402;СТОЙКА ЗАМКА КАПОТА;3301.90 ₽;50 дней
DAIHATSU;5321587402;Daihatsu;5321587401000;КРОНШТЕЙН;4844.66;61 день
DAIHATSU;5321587402;Daihatsu;5321587401000;КРОНШТЕЙН;4097.73;83 дня
DAIHATSU;5340297202;Daihatsu;5340297202;ДЕТАЛЬ;9947.92 ₽;83 дня
DAIHATSU;5340297202;Daihatsu;5340297202;ДЕТАЛЬ;11766.34 ₽;61 день
DAIHATSU;5340297202;Daihatsu;5340297202000;SCHARNIER MOTORHAU;13056.42 ₽;69 дней
DAIHATSU;53301B4020;Toyota;53301B4020;КАПОТ;155066.11 ₽;50 дней
DAIHATSU;53301B4020;SAT;STTYR10150;КАПОТ TOYOTA RUSH 06-;1947871.89 ₽;104 дня
DAIHATSU;53301B4020;TYG;DH20016A;КАПОТ;104037.88 ₽;36 дней
DAIHATSU;53301B4020;Toyota;53301B4010;КАПОТ;298319.19;50 дней
DAIHATSU;53402B2161;Daihatsu;53402B2161;PART;8762.32 ₽;83 дня
DAIHATSU;53402B2161;Daihatsu;53402B2161;PART;19255.63 ₽;24 дня
DAIHATSU;5340197202;Daihatsu;5340197202;ДЕТАЛЬ;9947.92 ₽;83 дня
DAIHATSU;5340197202;Daihatsu;5340197202;ДЕТАЛЬ;11766.34 ₽;61 день
DAIHATSU;5340197202;Daihatsu;5340197202000;SCHARNIER MOTORHAU;13056.42 ₽;69 дней
DAIHATSU;5321697202;Daihatsu;5321697202000;ПЛАНКА;10479.22 ₽;83 дня
DAIHATSU;5321697202;Daihatsu;5321697202000;ПЛАНКА;12393.22 ₽;61 день
DAIHATSU;5321697202;Daihatsu;5321697202;ПЛАНКА;15952.25 ₽;83 дня
DAIHATSU;5321697202;Daihatsu;5321697202;ПЛАНКА;18868.82 ₽;61 день
DAIHATSU;5321697202;Toyota;5321697202;СУППОРТ РАДИАТОРА ;11554.41 ₽;50 дней
DAIHATSU;53401B2181;Daihatsu;53401B2181;PART;8831.98 ₽;83 дня
DAIHATSU;53401B2181;Daihatsu;53401B2181;PART;21669.06 ₽;24 дня
DAIHATSU;58307B1010;Daihatsu;58307B1010;ДЕТАЛЬ;40425.26 ₽;36 дней
DAIHATSU;58307B1010;Daihatsu;58307B1010;ДЕТАЛЬ;281631.13 ₽;8 дней
DAIHATSU;58307B1010;Daihatsu;58307B1010000;УСИЛИТЕЛЬ КУЗОВА;21643.13 ₽;69 дней
DAIHATSU;67005B1070;Toyota;67005B1070;ДВЕРЬ ЗАДНЯЯ;149813.90 ₽;50 дней
DAIHATSU;67005B1070;Toyota;67005B1010;ДВЕРЬ ЗАДНЯЯ;312233.69;50 дней
DAIHATSU;81150B4090;Daihatsu;81150B4090;ФАРА;65570.25 ₽;69 дней
DAIHATSU;81150B4090;Depo;2111132LLDEM;Фара;12489.75 ₽;3 дня
DAIHATSU;88450B2140;Toyota;88450B2140;РАДИАТОР КОНДИЦИОНЕРА;82458.75 ₽;83 дня
DAIHATSU;88450B2140;Toyota;88450B2140;РАДИАТОР КОНДИЦИОНЕРА;97536.00 ₽;61 день
DAIHATSU;88450B2140;Denso;DCN35004;;28368.75 ₽;36 дней
DAIHATSU;88450B2140;Nissens;940561;Конденсатор;19110.00 ₽;48 дней
DAIHATSU;88450B2140;Toyota;88450B2140;РАДИАТОР КОНДИЦИОНЕРА;82458.75 ₽;83 дня
DAIHATSU;88450B2140;Toyota;88450B2140;РАДИАТОР КОНДИЦИОНЕРА;97536.00 ₽;61 день
DAIHATSU;88450B2140;Denso;DCN35004;;28368.75 ₽;36 дней
DAIHATSU;88450B2140;Nissens;940561;Конденсатор;19110.00 ₽;48 дней
DAIHATSU;88450B2140;Daihatsu;88450B2140;ДЕТАЛЬ;80058.00 ₽;83 дня
DAIHATSU;88450B2140;Daihatsu;88450B2140;ДЕТАЛЬ;980839.50 ₽;8 дней
DAIHATSU;88450B2140;Nissens;940561;Конденсатор;27899.25 ₽;25 дней
DAIHATSU;88450B2140;Nissens;940561;Конденсатор;34074.75 ₽;28 дней
DAIHATSU;88450B2140;Nissens;940561;Конденсатор;22800.75 ₽;33 дня
DAIHATSU;88450B2140;Polcar;2609K81K;РАДИАТОРЫ КОНДИЦИОНЕРА;18371.25 ₽;33 дня
DAIHATSU;88450B2140;Polcar;2609K81K;РАДИАТОРЫ КОНДИЦИОНЕРА;21283.50 ₽;38 дней
DAIHATSU;88450B2140;Daihatsu;88450B2140;ДЕТАЛЬ;80058.00 ₽;83 дня
DAIHATSU;88450B2140;Daihatsu;88450B2140;ДЕТАЛЬ;980839.50 ₽;8 дней
DAIHATSU;88450B2140;Nissens;940561;Конденсатор;27899.25 ₽;25 дней
DAIHATSU;88450B2140;Nissens;940561;Конденсатор;34074.75 ₽;28 дней
DAIHATSU;88450B2140;Nissens;940561;Конденсатор;22800.75 ₽;33 дня
DAIHATSU;88450B2140;Polcar;2609K81K;РАДИАТОРЫ КОНДИЦИОНЕРА;18371.25 ₽;33 дня
DAIHATSU;88450B2140;Polcar;2609K81K;РАДИАТОРЫ КОНДИЦИОНЕРА;21283.50 ₽;38 дней
DAIHATSU;88450B2140;Subaru;88450B2140;;75353.25 ₽;83 дня
DAIHATSU;88450B2140;Subaru;88450B2140;;89132.25 ₽;61 день
DAIHATSU;88450B2140;Subaru;88450B2140;;75353.25 ₽;83 дня
DAIHATSU;88450B2140;Subaru;88450B2140;;89132.25 ₽;61 день
DAIHATSU;52159B1030100;Subaru;52159B1030100;ДЕТАЛЬ;58130.71 ₽;69 дней
DAIHATSU;52159B1030100;Subaru;52159B1030100;ДЕТАЛЬ;85818.92 ₽;33 дня
DAIHATSU;52159B1030100;Subaru;52159B1030S8;ДЕТАЛЬ;89180.83;50 дней
DAIHATSU;52159B1030100;Subaru;52159B1030100;ДЕТАЛЬ;58130.71 ₽;69 дней
DAIHATSU;52159B1030100;Subaru;52159B1030100;ДЕТАЛЬ;85818.92 ₽;33 дня
DAIHATSU;52159B1030100;Subaru;52159B1030S8;ДЕТАЛЬ;89180.83;50 дней
DAIHATSU;52159B1030100;Daihatsu;52159B1030100;АВТОЗАПЧАСТЬ;49826.32 ₽;69 дней
DAIHATSU;52159B1030100;Daihatsu;52159B1030100;АВТОЗАПЧАСТЬ;49826.32 ₽;69 дней
DAIHATSU;5320587403;Daihatsu;5320587403000;ПЛАНКА;12024.95 ₽;69 дней
DAIHATSU;5320587403;Daihatsu;5320587403;ПЛАНКА;12988.25 ₽;83 дня
DAIHATSU;5320587403;Daihatsu;5320587403;ПЛАНКА;15363.15 ₽;61 день
DAIHATSU;5320587403;Toyota;5320587403;ПАНЕЛЬ ПЕРЕДН.ВЕРХНЯ;13755.92 ₽;61 день
DAIHATSU;5320587403;Toyota;5320587403;ПАНЕЛЬ ПЕРЕДН.ВЕРХНЯ;11630.00 ₽;83 дня
DAIHATSU;5320587403;Daihatsu;5320587401000;ПЛАНКА;16271.62;61 день
DAIHATSU;5320587403;Daihatsu;5320587401000;ПЛАНКА;13756.66;83 дня
DAIHATSU;5320587403;Daihatsu;5320587403000;ПЛАНКА;12024.95 ₽;69 дней
DAIHATSU;5320587403;Daihatsu;5320587403;ПЛАНКА;12988.25 ₽;83 дня
DAIHATSU;5320587403;Daihatsu;5320587403;ПЛАНКА;15363.15 ₽;61 день
DAIHATSU;5320587403;Toyota;5320587403;ПАНЕЛЬ ПЕРЕДН.ВЕРХНЯ;13755.92 ₽;61 день
DAIHATSU;5320587403;Toyota;5320587403;ПАНЕЛЬ ПЕРЕДН.ВЕРХНЯ;11630.00 ₽;83 дня
DAIHATSU;5320587403;Daihatsu;5320587401000;ПЛАНКА;16271.62;61 день
DAIHATSU;5320587403;Daihatsu;5320587401000;ПЛАНКА;13756.66;83 дня
DAIHATSU;5320587403;Toyota;5320587403;ПАНЕЛЬ ПЕРЕДН.ВЕРХНЯ;11630.00 ₽;83 дня
DAIHATSU;5320587403;Toyota;5320587403;ПАНЕЛЬ ПЕРЕДН.ВЕРХНЯ;13755.92 ₽;61 день
DAIHATSU;5320587403;Daihatsu;5320587403000;ПЛАНКА;12024.95 ₽;69 дней
DAIHATSU;5320587403;Toyota;5320587403;ПАНЕЛЬ ПЕРЕДН.ВЕРХНЯ;11630.00 ₽;83 дня
DAIHATSU;5320587403;Toyota;5320587403;ПАНЕЛЬ ПЕРЕДН.ВЕРХНЯ;13755.92 ₽;61 день
DAIHATSU;5320587403;Daihatsu;5320587403000;ПЛАНКА;12024.95 ₽;69 дней
DAIHATSU;5330187405;Daihatsu;5330187405000;КАПОТ;58692.39 ₽;69 дней
DAIHATSU;5330187405;Daihatsu;5330187405;Капот двигателя;110048.13 ₽;36 дней
DAIHATSU;5330187405;Daihatsu;5330187405;Капот двигателя;784331.46 ₽;8 дней
DAIHATSU;5330187405;NJ;JP30202;КАПОТ TY CAMI / Dh TERIOS J1## `97-06;80760.85 ₽;36 дней
DAIHATSU;5330187405;Toyota;5330187405;КАПОТ;99568.91 ₽;25 дней
DAIHATSU;5330187405;Daihatsu;5330187402000;КАПОТ;58692.39;69 дней
DAIHATSU;5330187405;Daihatsu;5330187405000;КАПОТ;58692.39 ₽;69 дней
DAIHATSU;5330187405;Daihatsu;5330187405;Капот двигателя;110048.13 ₽;36 дней
DAIHATSU;5330187405;Daihatsu;5330187405;Капот двигателя;784331.46 ₽;8 дней
DAIHATSU;5330187405;NJ;JP30202;КАПОТ TY CAMI / Dh TERIOS J1## `97-06;80760.85 ₽;36 дней
DAIHATSU;5330187405;Toyota;5330187405;КАПОТ;99568.91 ₽;25 дней
DAIHATSU;5330187405;Daihatsu;5330187402000;КАПОТ;58692.39;69 дней
DAIHATSU;5330187405;Toyota;5330187405;КАПОТ;99568.91 ₽;25 дней
DAIHATSU;5330187405;Daihatsu;5330187405000;КАПОТ;58692.39 ₽;69 дней
DAIHATSU;5330187405;NJ;JP30202;КАПОТ TY CAMI / Dh TERIOS J1## `97-06;80760.85 ₽;36 дней
DAIHATSU;5330187405;Toyota;5330187402;КАПОТ;139010.86;85 дней
DAIHATSU;5330187405;Toyota;5330187405;КАПОТ;99568.91 ₽;25 дней
DAIHATSU;5330187405;Daihatsu;5330187405000;КАПОТ;58692.39 ₽;69 дней
DAIHATSU;5330187405;NJ;JP30202;КАПОТ TY CAMI / Dh TERIOS J1## `97-06;80760.85 ₽;36 дней
DAIHATSU;5330187405;Toyota;5330187402;КАПОТ;139010.86;85 дней
DAIHATSU;8846087408;Toyota;8846087408;РАДИАТОР КОНДИЦИОНЕРА;90441.27 ₽;50 дней
DAIHATSU;8846087408;Toyota;8846087403;РАДИАТОР КОНДИЦИОНЕРА;89884.78;50 дней
DAIHATSU;8846087408;Toyota;8846087403;РАДИАТОР КОНДИЦИОНЕРА;79424.83;83 дня
DAIHATSU;8846087408;Toyota;8846087408;РАДИАТОР КОНДИЦИОНЕРА;90441.27 ₽;50 дней
DAIHATSU;8846087408;Toyota;8846087403;РАДИАТОР КОНДИЦИОНЕРА;89884.78;50 дней
DAIHATSU;8846087408;Toyota;8846087403;РАДИАТОР КОНДИЦИОНЕРА;79424.83;83 дня
DAIHATSU;8846087408;Daihatsu;8846087408000;РАДИАТОР КОНДИЦИОНЕРА;73627.24 ₽;85 дней
DAIHATSU;8846087408;Daihatsu;8846087408;РАДИАТОР КОНДИЦИОНЕРА;105249.42 ₽;83 дня
DAIHATSU;8846087408;Daihatsu;8846087408;РАДИАТОР КОНДИЦИОНЕРА;107519.84 ₽;36 дней
DAIHATSU;8846087408;Daihatsu;8846087408;РАДИАТОР КОНДИЦИОНЕРА;799423.40 ₽;8 дней
DAIHATSU;8846087408;Daihatsu;8846087403000;РАДИАТОР ОХЛАЖДЕНИЯ ДВИГАТЕЛЯ;114955.04;61 день
DAIHATSU;8846087408;Daihatsu;8846087403000;РАДИАТОР ОХЛАЖДЕНИЯ ДВИГАТЕЛЯ;97184.37;83 дня
DAIHATSU;8846087408;Daihatsu;8846087408000;РАДИАТОР КОНДИЦИОНЕРА;73627.24 ₽;85 дней
DAIHATSU;8846087408;Daihatsu;8846087408;РАДИАТОР КОНДИЦИОНЕРА;105249.42 ₽;83 дня
DAIHATSU;8846087408;Daihatsu;8846087408;РАДИАТОР КОНДИЦИОНЕРА;107519.84 ₽;36 дней
DAIHATSU;8846087408;Daihatsu;8846087408;РАДИАТОР КОНДИЦИОНЕРА;799423.40 ₽;8 дней
DAIHATSU;8846087408;Daihatsu;8846087403000;РАДИАТОР ОХЛАЖДЕНИЯ ДВИГАТЕЛЯ;114955.04;61 день
DAIHATSU;8846087408;Daihatsu;8846087403000;РАДИАТОР ОХЛАЖДЕНИЯ ДВИГАТЕЛЯ;97184.37;83 дня
DAIHATSU;5321587402;Daihatsu;5321587402000;КРОНШТЕЙН;2488.28 ₽;69 дней
DAIHATSU;5321587402;Daihatsu;5321587402;КРОНШТЕЙН;4670.52 ₽;83 дня
DAIHATSU;5321587402;Daihatsu;5321587402;КРОНШТЕЙН;5521.93 ₽;61 день
DAIHATSU;5321587402;Toyota;5321587402;СТОЙКА ЗАМКА КАПОТА;3301.90 ₽;50 дней
DAIHATSU;5321587402;Daihatsu;5321587401000;КРОНШТЕЙН;4844.66;61 день
DAIHATSU;5321587402;Daihatsu;5321587401000;КРОНШТЕЙН;4097.73;83 дня
DAIHATSU;5321587402;Daihatsu;5321587402000;КРОНШТЕЙН;2488.28 ₽;69 дней
DAIHATSU;5321587402;Daihatsu;5321587402;КРОНШТЕЙН;4670.52 ₽;83 дня
DAIHATSU;5321587402;Daihatsu;5321587402;КРОНШТЕЙН;5521.93 ₽;61 день
DAIHATSU;5321587402;Toyota;5321587402;СТОЙКА ЗАМКА КАПОТА;3301.90 ₽;50 дней
DAIHATSU;5321587402;Daihatsu;5321587401000;КРОНШТЕЙН;4844.66;61 день
DAIHATSU;5321587402;Daihatsu;5321587401000;КРОНШТЕЙН;4097.73;83 дня
DAIHATSU;5321587402;Toyota;5321587402;СТОЙКА ЗАМКА КАПОТА;3301.90 ₽;50 дней
DAIHATSU;5321587402;Daihatsu;5321587402000;КРОНШТЕЙН;2488.28 ₽;69 дней
DAIHATSU;5321587402;Toyota;5321587401;СУППОРТ ЗАМКА КАПОТА;12472.51;61 день
DAIHATSU;5321587402;Toyota;5321587401;СУППОРТ ЗАМКА КАПОТА;10515.53;83 дня
DAIHATSU;5321587402;Toyota;5321587402;СТОЙКА ЗАМКА КАПОТА;3301.90 ₽;50 дней
DAIHATSU;5321587402;Daihatsu;5321587402000;КРОНШТЕЙН;2488.28 ₽;69 дней
DAIHATSU;5321587402;Toyota;5321587401;СУППОРТ ЗАМКА КАПОТА;12472.51;61 день
DAIHATSU;5321587402;Toyota;5321587401;СУППОРТ ЗАМКА КАПОТА;10515.53;83 дня
DAIHATSU;5340297202;Daihatsu;5340297202;ДЕТАЛЬ;9947.92 ₽;83 дня
DAIHATSU;5340297202;Daihatsu;5340297202;ДЕТАЛЬ;11766.34 ₽;61 день
DAIHATSU;5340297202;Daihatsu;5340297202000;SCHARNIER MOTORHAU;13056.42 ₽;69 дней
DAIHATSU;5340297202;Daihatsu;5340297202;ДЕТАЛЬ;9947.92 ₽;83 дня
DAIHATSU;5340297202;Daihatsu;5340297202;ДЕТАЛЬ;11766.34 ₽;61 день
DAIHATSU;5340297202;Daihatsu;5340297202000;SCHARNIER MOTORHAU;13056.42 ₽;69 дней
DAIHATSU;53301B4020;Toyota;53301B4020;КАПОТ;155066.11 ₽;50 дней
DAIHATSU;53301B4020;SAT;STTYR10150;КАПОТ TOYOTA RUSH 06-;1947871.89 ₽;104 дня
DAIHATSU;53301B4020;TYG;DH20016A;КАПОТ;104037.88 ₽;36 дней
DAIHATSU;53301B4020;Toyota;53301B4010;КАПОТ;298319.19;50 дней
DAIHATSU;53301B4020;Toyota;53301B4020;КАПОТ;155066.11 ₽;50 дней
DAIHATSU;53301B4020;SAT;STTYR10150;КАПОТ TOYOTA RUSH 06-;1947871.89 ₽;104 дня
DAIHATSU;53301B4020;TYG;DH20016A;КАПОТ;104037.88 ₽;36 дней
DAIHATSU;53301B4020;Toyota;53301B4010;КАПОТ;298319.19;50 дней
DAIHATSU;53301B4020;Daihatsu;53301B4020;Капот двигателя;65980.86 ₽;69 дней
DAIHATSU;53301B4020;Daihatsu;53301B4020;Капот двигателя;908050.30 ₽;8 дней
DAIHATSU;53301B4020;Daihatsu;53301B4020;Капот двигателя;65980.86 ₽;69 дней
DAIHATSU;53301B4020;Daihatsu;53301B4020;Капот двигателя;908050.30 ₽;8 дней
DAIHATSU;53402B2161;Daihatsu;53402B2161;PART;8762.32 ₽;83 дня
DAIHATSU;53402B2161;Daihatsu;53402B2161;PART;19255.63 ₽;24 дня
DAIHATSU;53402B2161;Daihatsu;53402B2161;PART;8762.32 ₽;83 дня
DAIHATSU;53402B2161;Daihatsu;53402B2161;PART;19255.63 ₽;24 дня
DAIHATSU;53402B2161;Subaru;53402B2161;;8251.04 ₽;83 дня
DAIHATSU;53402B2161;Subaru;53402B2161;;9759.71 ₽;61 день
DAIHATSU;53402B2161;Subaru;53402B2161;;8251.04 ₽;83 дня
DAIHATSU;53402B2161;Subaru;53402B2161;;9759.71 ₽;61 день
DAIHATSU;5340197202;Daihatsu;5340197202;ДЕТАЛЬ;9947.92 ₽;83 дня
DAIHATSU;5340197202;Daihatsu;5340197202;ДЕТАЛЬ;11766.34 ₽;61 день
DAIHATSU;5340197202;Daihatsu;5340197202000;SCHARNIER MOTORHAU;13056.42 ₽;69 дней
DAIHATSU;5340197202;Daihatsu;5340197202;ДЕТАЛЬ;9947.92 ₽;83 дня
DAIHATSU;5340197202;Daihatsu;5340197202;ДЕТАЛЬ;11766.34 ₽;61 день
DAIHATSU;5340197202;Daihatsu;5340197202000;SCHARNIER MOTORHAU;13056.42 ₽;69 дней
DAIHATSU;5321697202;Daihatsu;5321697202000;ПЛАНКА;10479.22 ₽;83 дня
DAIHATSU;5321697202;Daihatsu;5321697202000;ПЛАНКА;12393.22 ₽;61 день
DAIHATSU;5321697202;Daihatsu;5321697202;ПЛАНКА;15952.25 ₽;83 дня
DAIHATSU;5321697202;Daihatsu;5321697202;ПЛАНКА;18868.82 ₽;61 день
DAIHATSU;5321697202;Toyota;5321697202;СУППОРТ РАДИАТОРА ;11554.41 ₽;50 дней
DAIHATSU;5321697202;Daihatsu;5321697202000;ПЛАНКА;10479.22 ₽;83 дня
DAIHATSU;5321697202;Daihatsu;5321697202000;ПЛАНКА;12393.22 ₽;61 день
DAIHATSU;5321697202;Daihatsu;5321697202;ПЛАНКА;15952.25 ₽;83 дня
DAIHATSU;5321697202;Daihatsu;5321697202;ПЛАНКА;18868.82 ₽;61 день
DAIHATSU;5321697202;Toyota;5321697202;СУППОРТ РАДИАТОРА ;11554.41 ₽;50 дней
DAIHATSU;5321697202;Toyota;5321697202;СУППОРТ РАДИАТОРА ;11554.41 ₽;50 дней
DAIHATSU;5321697202;Daihatsu;5321697202000;ПЛАНКА;12393.22 ₽;61 день
DAIHATSU;5321697202;Daihatsu;5321697202000;ПЛАНКА;10479.22 ₽;83 дня
DAIHATSU;5321697202;Toyota;5320597404;СУППОРТ РАДИАТОРА ВЕРХНИЙ;13230.56;61 день
DAIHATSU;5321697202;Toyota;5320597404;СУППОРТ РАДИАТОРА ВЕРХНИЙ;11187.62;83 дня
DAIHATSU;5321697202;Toyota;5321697201;СУППОРТ РАДИАТОРА ;13541.78;61 день
DAIHATSU;5321697202;Toyota;5321697201;СУППОРТ РАДИАТОРА ;11449.93;83 дня
DAIHATSU;5321697202;Toyota;5320597403;СУППОРТ РАДИАТОРА ВЕРХНИЙ;14759.98;85 дней
DAIHATSU;5321697202;Toyota;5321697202;СУППОРТ РАДИАТОРА ;11554.41 ₽;50 дней
DAIHATSU;5321697202;Daihatsu;5321697202000;ПЛАНКА;12393.22 ₽;61 день
DAIHATSU;5321697202;Daihatsu;5321697202000;ПЛАНКА;10479.22 ₽;83 дня
DAIHATSU;5321697202;Toyota;5320597404;СУППОРТ РАДИАТОРА ВЕРХНИЙ;13230.56;61 день
DAIHATSU;5321697202;Toyota;5320597404;СУППОРТ РАДИАТОРА ВЕРХНИЙ;11187.62;83 дня
DAIHATSU;5321697202;Toyota;5321697201;СУППОРТ РАДИАТОРА ;13541.78;61 день
DAIHATSU;5321697202;Toyota;5321697201;СУППОРТ РАДИАТОРА ;11449.93;83 дня
DAIHATSU;5321697202;Toyota;5320597403;СУППОРТ РАДИАТОРА ВЕРХНИЙ;14759.98;85 дней
DAIHATSU;53401B2181;Daihatsu;53401B2181;PART;8948.16 ₽;83 дня
DAIHATSU;53401B2181;Daihatsu;53401B2181;PART;21953.52 ₽;24 дня
DAIHATSU;53401B2181;Daihatsu;53401B2181;PART;8948.16 ₽;83 дня
DAIHATSU;53401B2181;Daihatsu;53401B2181;PART;21953.52 ₽;24 дня
DAIHATSU;53401B2181;Subaru;53401B2181;;8426.88 ₽;83 дня
DAIHATSU;53401B2181;Subaru;53401B2181;;9966.96 ₽;61 день
DAIHATSU;53401B2181;Subaru;53401B2181;;8426.88 ₽;83 дня
DAIHATSU;53401B2181;Subaru;53401B2181;;9966.96 ₽;61 день
DAIHATSU;58307B1010;Daihatsu;58307B1010;ДЕТАЛЬ;40749.07 ₽;36 дней
DAIHATSU;58307B1010;Daihatsu;58307B1010;ДЕТАЛЬ;283883.77 ₽;8 дней
DAIHATSU;58307B1010;Daihatsu;58307B1010000;УСИЛИТЕЛЬ КУЗОВА;21815.78 ₽;69 дней
DAIHATSU;58307B1010;Daihatsu;58307B1010;ДЕТАЛЬ;40749.07 ₽;36 дней
DAIHATSU;58307B1010;Daihatsu;58307B1010;ДЕТАЛЬ;283883.77 ₽;8 дней
DAIHATSU;58307B1010;Daihatsu;58307B1010000;УСИЛИТЕЛЬ КУЗОВА;21815.78 ₽;69 дней
DAIHATSU;58307B1010;Subaru;58307B1010;ДЕТАЛЬ;91064.45 ₽;50 дней
DAIHATSU;58307B1010;Subaru;58307B1010;ДЕТАЛЬ;91064.45 ₽;50 дней
DAIHATSU;58307B1010;Toyota;58307B1010;ПАНЕЛЬ БАГАЖН.;41879.84 ₽;50 дней
DAIHATSU;58307B1010;Toyota;58307B1010;ПАНЕЛЬ БАГАЖН.;41879.84 ₽;50 дней
DAIHATSU;67005B1070;Toyota;67005B1070;ДВЕРЬ ЗАДНЯЯ;149813.90 ₽;50 дней
DAIHATSU;67005B1070;Toyota;67005B1010;ДВЕРЬ ЗАДНЯЯ;312233.69;50 дней
DAIHATSU;67005B1070;Toyota;67005B1070;ДВЕРЬ ЗАДНЯЯ;149813.90 ₽;50 дней
DAIHATSU;67005B1070;Toyota;67005B1010;ДВЕРЬ ЗАДНЯЯ;312233.69;50 дней
DAIHATSU;67005B1070;Subaru;67005B1070;ДЕТАЛЬ;119077.22 ₽;83 дня
DAIHATSU;67005B1070;Subaru;67005B1070;ДЕТАЛЬ;186886.13 ₽;50 дней
DAIHATSU;67005B1070;Subaru;67005B1070;ДЕТАЛЬ;119077.22 ₽;83 дня
DAIHATSU;67005B1070;Subaru;67005B1070;ДЕТАЛЬ;186886.13 ₽;50 дней
DAIHATSU;67005B1070;Daihatsu;67005B1070;ДЕТАЛЬ;63575.58 ₽;69 дней
DAIHATSU;67005B1070;Daihatsu;67005B1070;ДЕТАЛЬ;1059535.15 ₽;8 дней
DAIHATSU;67005B1070;Daihatsu;67005B1070000;ДВЕРЬ;63575.58 ₽;69 дней
DAIHATSU;67005B1070;Daihatsu;67005B1070;ДЕТАЛЬ;63575.58 ₽;69 дней
DAIHATSU;67005B1070;Daihatsu;67005B1070;ДЕТАЛЬ;1059535.15 ₽;8 дней
DAIHATSU;67005B1070;Daihatsu;67005B1070000;ДВЕРЬ;63575.58 ₽;69 дней
DAIHATSU;81150B4090;Daihatsu;81150B4090;ФАРА;64783.41 ₽;69 дней
DAIHATSU;81150B4090;Depo;2111132LLDEM;Фара;12339.87 ₽;3 дня
DAIHATSU;81150B4090;Daihatsu;81150B4090;ФАРА;64783.41 ₽;69 дней
DAIHATSU;81150B4090;Depo;2111132LLDEM;Фара;12339.87 ₽;3 дня
DAIHATSU;81150B4090;Depo;2111132LLDEM;Фара;12339.87 ₽;3 дня
DAIHATSU;81150B4090;Depo;2111132LLDEM;Фара;12339.87 ₽;3 дня
DAIHATSU;88450B2140;Toyota;88450B2140;РАДИАТОР КОНДИЦИОНЕРА;81469.24 ₽;83 дня
DAIHATSU;88450B2140;Toyota;88450B2140;РАДИАТОР КОНДИЦИОНЕРА;96365.57 ₽;61 день
DAIHATSU;88450B2140;Denso;DCN35004;;28028.32 ₽;36 дней
DAIHATSU;88450B2140;Nissens;940561;Конденсатор;18880.68 ₽;48 дней
DAIHATSU;88450B2140;Toyota;88450B2140;РАДИАТОР КОНДИЦИОНЕРА;81469.24 ₽;83 дня
DAIHATSU;88450B2140;Toyota;88450B2140;РАДИАТОР КОНДИЦИОНЕРА;96365.57 ₽;61 день
DAIHATSU;88450B2140;Denso;DCN35004;;28028.32 ₽;36 дней
DAIHATSU;88450B2140;Nissens;940561;Конденсатор;18880.68 ₽;48 дней
DAIHATSU;88450B2140;Daihatsu;88450B2140;ДЕТАЛЬ;79097.30 ₽;83 дня
DAIHATSU;88450B2140;Daihatsu;88450B2140;ДЕТАЛЬ;969069.43 ₽;8 дней
DAIHATSU;88450B2140;Nissens;940561;Конденсатор;27564.46 ₽;25 дней
DAIHATSU;88450B2140;Nissens;940561;Конденсатор;33665.85 ₽;28 дней
DAIHATSU;88450B2140;Nissens;940561;Конденсатор;22527.14 ₽;33 дня
DAIHATSU;88450B2140;Polcar;2609K81K;РАДИАТОРЫ КОНДИЦИОНЕРА;18150.80 ₽;33 дня
DAIHATSU;88450B2140;Polcar;2609K81K;РАДИАТОРЫ КОНДИЦИОНЕРА;21028.10 ₽;38 дней
DAIHATSU;88450B2140;Toyota;88450B2140;РАДИАТОР КОНДИЦИОНЕРА;81469.24 ₽;83 дня
DAIHATSU;88450B2140;Toyota;88450B2140;РАДИАТОР КОНДИЦИОНЕРА;96365.57 ₽;61 день
DAIHATSU;88450B2140;Denso;DCN35004;;28028.32 ₽;36 дней
DAIHATSU;88450B2140;Nissens;940561;Конденсатор;18880.68 ₽;48 дней
DAIHATSU;88450B2140;Toyota;88450B2140;РАДИАТОР КОНДИЦИОНЕРА;81469.24 ₽;83 дня
DAIHATSU;88450B2140;Toyota;88450B2140;РАДИАТОР КОНДИЦИОНЕРА;96365.57 ₽;61 день
DAIHATSU;88450B2140;Denso;DCN35004;;28028.32 ₽;36 дней
DAIHATSU;88450B2140;Nissens;940561;Конденсатор;18880.68 ₽;48 дней
DAIHATSU;88450B2140;Daihatsu;88450B2140;ДЕТАЛЬ;79097.30 ₽;83 дня
DAIHATSU;88450B2140;Daihatsu;88450B2140;ДЕТАЛЬ;969069.43 ₽;8 дней
DAIHATSU;88450B2140;Nissens;940561;Конденсатор;27564.46 ₽;25 дней
DAIHATSU;88450B2140;Nissens;940561;Конденсатор;33665.85 ₽;28 дней
DAIHATSU;88450B2140;Nissens;940561;Конденсатор;22527.14 ₽;33 дня
DAIHATSU;88450B2140;Polcar;2609K81K;РАДИАТОРЫ КОНДИЦИОНЕРА;18150.80 ₽;33 дня
DAIHATSU;88450B2140;Polcar;2609K81K;РАДИАТОРЫ КОНДИЦИОНЕРА;21028.10 ₽;38 дней
DAIHATSU;88450B2140;Daihatsu;88450B2140;ДЕТАЛЬ;79097.30 ₽;83 дня
DAIHATSU;88450B2140;Daihatsu;88450B2140;ДЕТАЛЬ;969069.43 ₽;8 дней
DAIHATSU;88450B2140;Nissens;940561;Конденсатор;27564.46 ₽;25 дней
DAIHATSU;88450B2140;Nissens;940561;Конденсатор;33665.85 ₽;28 дней
DAIHATSU;88450B2140;Nissens;940561;Конденсатор;22527.14 ₽;33 дня
DAIHATSU;88450B2140;Polcar;2609K81K;РАДИАТОРЫ КОНДИЦИОНЕРА;18150.80 ₽;33 дня
DAIHATSU;88450B2140;Polcar;2609K81K;РАДИАТОРЫ КОНДИЦИОНЕРА;21028.10 ₽;38 дней
DAIHATSU;88450B2140;Denso;DCN35004;;61995.02 ₽;22 дня
DAIHATSU;88450B2140;Nissens;940561;Конденсатор;36802.51 ₽;22 дня
DAIHATSU;88450B2140;Subaru;88450B2140;;74449.01 ₽;83 дня
DAIHATSU;88450B2140;Subaru;88450B2140;;88062.66 ₽;61 день
DAIHATSU;52159B1030100;Subaru;52159B1030100;ДЕТАЛЬ;58593.09 ₽;69 дней
DAIHATSU;52159B1030100;Subaru;52159B1030100;ДЕТАЛЬ;86505.82 ₽;33 дня
DAIHATSU;52159B1030100;Subaru;52159B1030S8;ДЕТАЛЬ;90436.09;33 дня
DAIHATSU;52159B1030100;Subaru;52159B1030S8;ДЕТАЛЬ;58593.09;69 дней
DAIHATSU;52159B1030100;Subaru;52159B1030100;ДЕТАЛЬ;58593.09 ₽;69 дней
DAIHATSU;52159B1030100;Subaru;52159B1030100;ДЕТАЛЬ;86505.82 ₽;33 дня
DAIHATSU;52159B1030100;Subaru;52159B1030S8;ДЕТАЛЬ;89894.42;50 дней
DAIHATSU;52159B1030100;Daihatsu;52159B1030100;АВТОЗАПЧАСТЬ;50222.76 ₽;69 дней
DAIHATSU;88450B2140;Toyota;88450B2140;РАДИАТОР КОНДИЦИОНЕРА;81469.24 ₽;83 дня
DAIHATSU;88450B2140;Toyota;88450B2140;РАДИАТОР КОНДИЦИОНЕРА;96365.57 ₽;61 день
DAIHATSU;88450B2140;Denso;DCN35004;;28028.32 ₽;36 дней
DAIHATSU;88450B2140;Nissens;940561;Конденсатор;18880.68 ₽;48 дней
DAIHATSU;88450B2140;Toyota;88450B2140;РАДИАТОР КОНДИЦИОНЕРА;81469.24 ₽;83 дня
DAIHATSU;88450B2140;Toyota;88450B2140;РАДИАТОР КОНДИЦИОНЕРА;96365.57 ₽;61 день
DAIHATSU;88450B2140;Denso;DCN35004;;28028.32 ₽;36 дней
DAIHATSU;88450B2140;Nissens;940561;Конденсатор;18880.68 ₽;48 дней
DAIHATSU;88450B2140;Daihatsu;88450B2140;ДЕТАЛЬ;79097.30 ₽;83 дня
DAIHATSU;88450B2140;Daihatsu;88450B2140;ДЕТАЛЬ;969069.43 ₽;8 дней
DAIHATSU;88450B2140;Nissens;940561;Конденсатор;27564.46 ₽;25 дней
DAIHATSU;88450B2140;Nissens;940561;Конденсатор;33665.85 ₽;28 дней
DAIHATSU;88450B2140;Nissens;940561;Конденсатор;22527.14 ₽;33 дня
DAIHATSU;88450B2140;Polcar;2609K81K;РАДИАТОРЫ КОНДИЦИОНЕРА;18150.80 ₽;33 дня
DAIHATSU;88450B2140;Polcar;2609K81K;РАДИАТОРЫ КОНДИЦИОНЕРА;21028.10 ₽;38 дней
DAIHATSU;88450B2140;Daihatsu;88450B2140;ДЕТАЛЬ;79097.30 ₽;83 дня
DAIHATSU;88450B2140;Daihatsu;88450B2140;ДЕТАЛЬ;969069.43 ₽;8 дней
DAIHATSU;88450B2140;Nissens;940561;Конденсатор;27564.46 ₽;25 дней
DAIHATSU;88450B2140;Nissens;940561;Конденсатор;33665.85 ₽;28 дней
DAIHATSU;88450B2140;Nissens;940561;Конденсатор;22527.14 ₽;33 дня
DAIHATSU;88450B2140;Polcar;2609K81K;РАДИАТОРЫ КОНДИЦИОНЕРА;18150.80 ₽;33 дня
DAIHATSU;88450B2140;Polcar;2609K81K;РАДИАТОРЫ КОНДИЦИОНЕРА;21028.10 ₽;38 дней
DAIHATSU;88450B2140;Subaru;88450B2140;;74449.01 ₽;83 дня
DAIHATSU;88450B2140;Subaru;88450B2140;;88062.66 ₽;61 день
DAIHATSU;88450B2140;Subaru;88450B2140;;74449.01 ₽;83 дня
DAIHATSU;88450B2140;Subaru;88450B2140;;88062.66 ₽;61 день
DAIHATSU;52159B1030100;Subaru;52159B1030100;ДЕТАЛЬ;58130.71 ₽;69 дней
DAIHATSU;52159B1030100;Subaru;52159B1030100;ДЕТАЛЬ;85818.92 ₽;33 дня
DAIHATSU;52159B1030100;Subaru;52159B1030S8;ДЕТАЛЬ;89180.83;50 дней
DAIHATSU;52159B1030100;Subaru;52159B1030100;ДЕТАЛЬ;58130.71 ₽;69 дней
DAIHATSU;52159B1030100;Subaru;52159B1030100;ДЕТАЛЬ;85818.92 ₽;33 дня
DAIHATSU;52159B1030100;Subaru;52159B1030S8;ДЕТАЛЬ;89180.83;50 дней
DAIHATSU;52159B1030100;Daihatsu;52159B1030100;АВТОЗАПЧАСТЬ;49826.32 ₽;69 дней
DAIHATSU;52159B1030100;Daihatsu;52159B1030100;АВТОЗАПЧАСТЬ;49826.32 ₽;69 дней
DAIHATSU;5320587403;Daihatsu;5320587403000;ПЛАНКА;12024.95 ₽;69 дней
DAIHATSU;5320587403;Daihatsu;5320587403;ПЛАНКА;12988.25 ₽;83 дня
DAIHATSU;5320587403;Daihatsu;5320587403;ПЛАНКА;15363.15 ₽;61 день
DAIHATSU;5320587403;Toyota;5320587403;ПАНЕЛЬ ПЕРЕДН.ВЕРХНЯ;13755.92 ₽;61 день
DAIHATSU;5320587403;Toyota;5320587403;ПАНЕЛЬ ПЕРЕДН.ВЕРХНЯ;11630.00 ₽;83 дня
DAIHATSU;5320587403;Daihatsu;5320587401000;ПЛАНКА;16271.62;61 день
DAIHATSU;5320587403;Daihatsu;5320587401000;ПЛАНКА;13756.66;83 дня
DAIHATSU;5320587403;Daihatsu;5320587403000;ПЛАНКА;12024.95 ₽;69 дней
DAIHATSU;5320587403;Daihatsu;5320587403;ПЛАНКА;12988.25 ₽;83 дня
DAIHATSU;5320587403;Daihatsu;5320587403;ПЛАНКА;15363.15 ₽;61 день
DAIHATSU;5320587403;Toyota;5320587403;ПАНЕЛЬ ПЕРЕДН.ВЕРХНЯ;13755.92 ₽;61 день
DAIHATSU;5320587403;Toyota;5320587403;ПАНЕЛЬ ПЕРЕДН.ВЕРХНЯ;11630.00 ₽;83 дня
DAIHATSU;5320587403;Daihatsu;5320587401000;ПЛАНКА;16271.62;61 день
DAIHATSU;5320587403;Daihatsu;5320587401000;ПЛАНКА;13756.66;83 дня
DAIHATSU;5320587403;Toyota;5320587403;ПАНЕЛЬ ПЕРЕДН.ВЕРХНЯ;11630.00 ₽;83 дня
DAIHATSU;5320587403;Toyota;5320587403;ПАНЕЛЬ ПЕРЕДН.ВЕРХНЯ;13755.92 ₽;61 день
DAIHATSU;5320587403;Daihatsu;5320587403000;ПЛАНКА;12024.95 ₽;69 дней
DAIHATSU;5320587403;Toyota;5320587403;ПАНЕЛЬ ПЕРЕДН.ВЕРХНЯ;11630.00 ₽;83 дня
DAIHATSU;5320587403;Toyota;5320587403;ПАНЕЛЬ ПЕРЕДН.ВЕРХНЯ;13755.92 ₽;61 день
DAIHATSU;5320587403;Daihatsu;5320587403000;ПЛАНКА;12024.95 ₽;69 дней
DAIHATSU;5330187405;Daihatsu;5330187405000;КАПОТ;58692.39 ₽;69 дней
DAIHATSU;5330187405;Daihatsu;5330187405;Капот двигателя;110048.13 ₽;36 дней
DAIHATSU;5330187405;Daihatsu;5330187405;Капот двигателя;784331.46 ₽;8 дней
DAIHATSU;5330187405;NJ;JP30202;КАПОТ TY CAMI / Dh TERIOS J1## `97-06;80760.85 ₽;36 дней
DAIHATSU;5330187405;Toyota;5330187405;КАПОТ;99568.91 ₽;25 дней
DAIHATSU;5330187405;Daihatsu;5330187402000;КАПОТ;58692.39;69 дней
DAIHATSU;5330187405;Daihatsu;5330187405000;КАПОТ;58692.39 ₽;69 дней
DAIHATSU;5330187405;Daihatsu;5330187405;Капот двигателя;110048.13 ₽;36 дней
DAIHATSU;5330187405;Daihatsu;5330187405;Капот двигателя;784331.46 ₽;8 дней
DAIHATSU;5330187405;NJ;JP30202;КАПОТ TY CAMI / Dh TERIOS J1## `97-06;80760.85 ₽;36 дней
DAIHATSU;5330187405;Toyota;5330187405;КАПОТ;99568.91 ₽;25 дней
DAIHATSU;5330187405;Daihatsu;5330187402000;КАПОТ;58692.39;69 дней
DAIHATSU;5330187405;Toyota;5330187405;КАПОТ;99568.91 ₽;25 дней
DAIHATSU;5330187405;Daihatsu;5330187405000;КАПОТ;58692.39 ₽;69 дней
DAIHATSU;5330187405;NJ;JP30202;КАПОТ TY CAMI / Dh TERIOS J1## `97-06;80760.85 ₽;36 дней
DAIHATSU;5330187405;Toyota;5330187402;КАПОТ;139010.86;85 дней
DAIHATSU;5330187405;Toyota;5330187405;КАПОТ;99568.91 ₽;25 дней
DAIHATSU;5330187405;Daihatsu;5330187405000;КАПОТ;58692.39 ₽;69 дней
DAIHATSU;5330187405;NJ;JP30202;КАПОТ TY CAMI / Dh TERIOS J1## `97-06;80760.85 ₽;36 дней
DAIHATSU;5330187405;Toyota;5330187402;КАПОТ;139010.86;85 дней
DAIHATSU;8846087408;Toyota;8846087408;РАДИАТОР КОНДИЦИОНЕРА;90441.27 ₽;50 дней
DAIHATSU;8846087408;Toyota;8846087403;РАДИАТОР КОНДИЦИОНЕРА;89884.78;50 дней
DAIHATSU;8846087408;Toyota;8846087403;РАДИАТОР КОНДИЦИОНЕРА;79424.83;83 дня
DAIHATSU;8846087408;Toyota;8846087408;РАДИАТОР КОНДИЦИОНЕРА;90441.27 ₽;50 дней
DAIHATSU;8846087408;Toyota;8846087403;РАДИАТОР КОНДИЦИОНЕРА;89884.78;50 дней
DAIHATSU;8846087408;Toyota;8846087403;РАДИАТОР КОНДИЦИОНЕРА;79424.83;83 дня
DAIHATSU;8846087408;Daihatsu;8846087408000;РАДИАТОР КОНДИЦИОНЕРА;73627.24 ₽;85 дней
DAIHATSU;8846087408;Daihatsu;8846087408;РАДИАТОР КОНДИЦИОНЕРА;105249.42 ₽;83 дня
DAIHATSU;8846087408;Daihatsu;8846087408;РАДИАТОР КОНДИЦИОНЕРА;107519.84 ₽;36 дней
DAIHATSU;8846087408;Daihatsu;8846087408;РАДИАТОР КОНДИЦИОНЕРА;799423.40 ₽;8 дней
DAIHATSU;8846087408;Daihatsu;8846087403000;РАДИАТОР ОХЛАЖДЕНИЯ ДВИГАТЕЛЯ;114955.04;61 день
DAIHATSU;8846087408;Daihatsu;8846087403000;РАДИАТОР ОХЛАЖДЕНИЯ ДВИГАТЕЛЯ;97184.37;83 дня
DAIHATSU;8846087408;Daihatsu;8846087408000;РАДИАТОР КОНДИЦИОНЕРА;73627.24 ₽;85 дней
DAIHATSU;8846087408;Daihatsu;8846087408;РАДИАТОР КОНДИЦИОНЕРА;105249.42 ₽;83 дня
DAIHATSU;8846087408;Daihatsu;8846087408;РАДИАТОР КОНДИЦИОНЕРА;107519.84 ₽;36 дней
DAIHATSU;8846087408;Daihatsu;8846087408;РАДИАТОР КОНДИЦИОНЕРА;799423.40 ₽;8 дней
DAIHATSU;8846087408;Daihatsu;8846087403000;РАДИАТОР ОХЛАЖДЕНИЯ ДВИГАТЕЛЯ;114955.04;61 день
DAIHATSU;8846087408;Daihatsu;8846087403000;РАДИАТОР ОХЛАЖДЕНИЯ ДВИГАТЕЛЯ;97184.37;83 дня
DAIHATSU;5321587402;Daihatsu;5321587402000;КРОНШТЕЙН;2488.28 ₽;69 дней
DAIHATSU;5321587402;Daihatsu;5321587402;КРОНШТЕЙН;4670.52 ₽;83 дня
DAIHATSU;5321587402;Daihatsu;5321587402;КРОНШТЕЙН;5521.93 ₽;61 день
DAIHATSU;5321587402;Toyota;5321587402;СТОЙКА ЗАМКА КАПОТА;3301.90 ₽;50 дней
DAIHATSU;5321587402;Daihatsu;5321587401000;КРОНШТЕЙН;4844.66;61 день
DAIHATSU;5321587402;Daihatsu;5321587401000;КРОНШТЕЙН;4097.73;83 дня
DAIHATSU;5321587402;Daihatsu;5321587402000;КРОНШТЕЙН;2488.28 ₽;69 дней
DAIHATSU;5321587402;Daihatsu;5321587402;КРОНШТЕЙН;4670.52 ₽;83 дня
DAIHATSU;5321587402;Daihatsu;5321587402;КРОНШТЕЙН;5521.93 ₽;61 день
DAIHATSU;5321587402;Toyota;5321587402;СТОЙКА ЗАМКА КАПОТА;3301.90 ₽;50 дней
DAIHATSU;5321587402;Daihatsu;5321587401000;КРОНШТЕЙН;4844.66;61 день
DAIHATSU;5321587402;Daihatsu;5321587401000;КРОНШТЕЙН;4097.73;83 дня
DAIHATSU;5321587402;Toyota;5321587402;СТОЙКА ЗАМКА КАПОТА;3301.90 ₽;50 дней
DAIHATSU;5321587402;Daihatsu;5321587402000;КРОНШТЕЙН;2488.28 ₽;69 дней
DAIHATSU;5321587402;Toyota;5321587401;СУППОРТ ЗАМКА КАПОТА;12472.51;61 день
DAIHATSU;5321587402;Toyota;5321587401;СУППОРТ ЗАМКА КАПОТА;10515.53;83 дня
DAIHATSU;5321587402;Toyota;5321587402;СТОЙКА ЗАМКА КАПОТА;3301.90 ₽;50 дней
DAIHATSU;5321587402;Daihatsu;5321587402000;КРОНШТЕЙН;2488.28 ₽;69 дней
DAIHATSU;5321587402;Toyota;5321587401;СУППОРТ ЗАМКА КАПОТА;12472.51;61 день
DAIHATSU;5321587402;Toyota;5321587401;СУППОРТ ЗАМКА КАПОТА;10515.53;83 дня
DAIHATSU;5340297202;Daihatsu;5340297202;ДЕТАЛЬ;9947.92 ₽;83 дня
DAIHATSU;5340297202;Daihatsu;5340297202;ДЕТАЛЬ;11766.34 ₽;61 день
DAIHATSU;5340297202;Daihatsu;5340297202000;SCHARNIER MOTORHAU;13056.42 ₽;69 дней
DAIHATSU;5340297202;Daihatsu;5340297202;ДЕТАЛЬ;9947.92 ₽;83 дня
DAIHATSU;5340297202;Daihatsu;5340297202;ДЕТАЛЬ;11766.34 ₽;61 день
DAIHATSU;5340297202;Daihatsu;5340297202000;SCHARNIER MOTORHAU;13056.42 ₽;69 дней
DAIHATSU;53301B4020;Toyota;53301B4020;КАПОТ;155066.11 ₽;50 дней
DAIHATSU;53301B4020;SAT;STTYR10150;КАПОТ TOYOTA RUSH 06-;1947871.89 ₽;104 дня
DAIHATSU;53301B4020;TYG;DH20016A;КАПОТ;104037.88 ₽;36 дней
DAIHATSU;53301B4020;Toyota;53301B4010;КАПОТ;298319.19;50 дней
DAIHATSU;53301B4020;Toyota;53301B4020;КАПОТ;155066.11 ₽;50 дней
DAIHATSU;53301B4020;SAT;STTYR10150;КАПОТ TOYOTA RUSH 06-;1947871.89 ₽;104 дня
DAIHATSU;53301B4020;TYG;DH20016A;КАПОТ;104037.88 ₽;36 дней
DAIHATSU;53301B4020;Toyota;53301B4010;КАПОТ;298319.19;50 дней
DAIHATSU;53301B4020;Daihatsu;53301B4020;Капот двигателя;65980.86 ₽;69 дней
DAIHATSU;53301B4020;Daihatsu;53301B4020;Капот двигателя;908050.30 ₽;8 дней
DAIHATSU;53301B4020;Daihatsu;53301B4020;Капот двигателя;65980.86 ₽;69 дней
DAIHATSU;53301B4020;Daihatsu;53301B4020;Капот двигателя;908050.30 ₽;8 дней
DAIHATSU;53402B2161;Daihatsu;53402B2161;PART;8762.32 ₽;83 дня
DAIHATSU;53402B2161;Daihatsu;53402B2161;PART;19255.63 ₽;24 дня
DAIHATSU;53402B2161;Daihatsu;53402B2161;PART;8762.32 ₽;83 дня
DAIHATSU;53402B2161;Daihatsu;53402B2161;PART;19255.63 ₽;24 дня
DAIHATSU;53402B2161;Subaru;53402B2161;;8251.04 ₽;83 дня
DAIHATSU;53402B2161;Subaru;53402B2161;;9759.71 ₽;61 день
DAIHATSU;53402B2161;Subaru;53402B2161;;8251.04 ₽;83 дня
DAIHATSU;53402B2161;Subaru;53402B2161;;9759.71 ₽;61 день
DAIHATSU;5340197202;Daihatsu;5340197202;ДЕТАЛЬ;10027.21 ₽;83 дня
DAIHATSU;5340197202;Daihatsu;5340197202;ДЕТАЛЬ;11860.45 ₽;61 день
DAIHATSU;5340197202;Daihatsu;5340197202000;SCHARNIER MOTORHAU;13160.16 ₽;69 дней
DAIHATSU;5340197202;Daihatsu;5340197202;ДЕТАЛЬ;10027.21 ₽;83 дня
DAIHATSU;5340197202;Daihatsu;5340197202;ДЕТАЛЬ;11860.45 ₽;61 день
DAIHATSU;5340197202;Daihatsu;5340197202000;SCHARNIER MOTORHAU;13160.16 ₽;69 дней
DAIHATSU;5321697202;Daihatsu;5321697202000;ПЛАНКА;10479.22 ₽;83 дня
DAIHATSU;5321697202;Daihatsu;5321697202000;ПЛАНКА;12393.22 ₽;61 день
DAIHATSU;5321697202;Daihatsu;5321697202;ПЛАНКА;15952.25 ₽;83 дня
DAIHATSU;5321697202;Daihatsu;5321697202;ПЛАНКА;18868.82 ₽;61 день
DAIHATSU;5321697202;Toyota;5321697202;СУППОРТ РАДИАТОРА ;11554.41 ₽;50 дней
DAIHATSU;5321697202;Daihatsu;5321697202000;ПЛАНКА;10479.22 ₽;83 дня
DAIHATSU;5321697202;Daihatsu;5321697202000;ПЛАНКА;12393.22 ₽;61 день
DAIHATSU;5321697202;Daihatsu;5321697202;ПЛАНКА;15952.25 ₽;83 дня
DAIHATSU;5321697202;Daihatsu;5321697202;ПЛАНКА;18868.82 ₽;61 день
DAIHATSU;5321697202;Toyota;5321697202;СУППОРТ РАДИАТОРА ;11554.41 ₽;50 дней
DAIHATSU;5321697202;Toyota;5321697202;СУППОРТ РАДИАТОРА ;11554.41 ₽;50 дней
DAIHATSU;5321697202;Daihatsu;5321697202000;ПЛАНКА;12393.22 ₽;61 день
DAIHATSU;5321697202;Daihatsu;5321697202000;ПЛАНКА;10479.22 ₽;83 дня
DAIHATSU;5321697202;Toyota;5320597404;СУППОРТ РАДИАТОРА ВЕРХНИЙ;13230.56;61 день
DAIHATSU;5321697202;Toyota;5320597404;СУППОРТ РАДИАТОРА ВЕРХНИЙ;11187.62;83 дня
DAIHATSU;5321697202;Toyota;5321697201;СУППОРТ РАДИАТОРА ;13541.78;61 день
DAIHATSU;5321697202;Toyota;5321697201;СУППОРТ РАДИАТОРА ;11449.93;83 дня
DAIHATSU;5321697202;Toyota;5320597403;СУППОРТ РАДИАТОРА ВЕРХНИЙ;14759.98;85 дней
DAIHATSU;5321697202;Toyota;5321697202;СУППОРТ РАДИАТОРА ;11554.41 ₽;50 дней
DAIHATSU;5321697202;Daihatsu;5321697202000;ПЛАНКА;12393.22 ₽;61 день
DAIHATSU;5321697202;Daihatsu;5321697202000;ПЛАНКА;10479.22 ₽;83 дня
DAIHATSU;5321697202;Toyota;5320597404;СУППОРТ РАДИАТОРА ВЕРХНИЙ;13230.56;61 день
DAIHATSU;5321697202;Toyota;5320597404;СУППОРТ РАДИАТОРА ВЕРХНИЙ;11187.62;83 дня
DAIHATSU;5321697202;Toyota;5321697201;СУППОРТ РАДИАТОРА ;13541.78;61 день
DAIHATSU;5321697202;Toyota;5321697201;СУППОРТ РАДИАТОРА ;11449.93;83 дня
DAIHATSU;5321697202;Toyota;5320597403;СУППОРТ РАДИАТОРА ВЕРХНИЙ;14759.98;85 дней
DAIHATSU;53401B2181;Daihatsu;53401B2181;PART;8762.32 ₽;83 дня
DAIHATSU;53401B2181;Daihatsu;53401B2181;PART;21497.15 ₽;24 дня
DAIHATSU;53401B2181;Daihatsu;53401B2181;PART;8762.32 ₽;83 дня
DAIHATSU;53401B2181;Daihatsu;53401B2181;PART;21497.15 ₽;24 дня
DAIHATSU;53401B2181;Subaru;53401B2181;;8251.04 ₽;83 дня
DAIHATSU;53401B2181;Subaru;53401B2181;;9759.71 ₽;61 день
DAIHATSU;53401B2181;Subaru;53401B2181;;8251.04 ₽;83 дня
DAIHATSU;53401B2181;Subaru;53401B2181;;9759.71 ₽;61 день
DAIHATSU;58307B1010;Daihatsu;58307B1010;ДЕТАЛЬ;40425.26 ₽;36 дней
DAIHATSU;58307B1010;Daihatsu;58307B1010;ДЕТАЛЬ;281631.13 ₽;8 дней
DAIHATSU;58307B1010;Daihatsu;58307B1010000;УСИЛИТЕЛЬ КУЗОВА;21643.13 ₽;69 дней
DAIHATSU;58307B1010;Daihatsu;58307B1010;ДЕТАЛЬ;40425.26 ₽;36 дней
DAIHATSU;58307B1010;Daihatsu;58307B1010;ДЕТАЛЬ;281631.13 ₽;8 дней
DAIHATSU;58307B1010;Daihatsu;58307B1010000;УСИЛИТЕЛЬ КУЗОВА;21643.13 ₽;69 дней
DAIHATSU;58307B1010;Subaru;58307B1010;ДЕТАЛЬ;90341.24 ₽;50 дней
DAIHATSU;58307B1010;Subaru;58307B1010;ДЕТАЛЬ;90341.24 ₽;50 дней
DAIHATSU;58307B1010;Toyota;58307B1010;ПАНЕЛЬ БАГАЖН.;41547.87 ₽;50 дней
DAIHATSU;58307B1010;Toyota;58307B1010;ПАНЕЛЬ БАГАЖН.;41547.87 ₽;50 дней
DAIHATSU;67005B1070;Toyota;67005B1070;ДВЕРЬ ЗАДНЯЯ;149813.90 ₽;50 дней
DAIHATSU;67005B1070;Toyota;67005B1010;ДВЕРЬ ЗАДНЯЯ;312233.69;50 дней
DAIHATSU;67005B1070;Toyota;67005B1070;ДВЕРЬ ЗАДНЯЯ;149813.90 ₽;50 дней
DAIHATSU;67005B1070;Toyota;67005B1010;ДВЕРЬ ЗАДНЯЯ;312233.69;50 дней
DAIHATSU;67005B1070;Subaru;67005B1070;ДЕТАЛЬ;119077.22 ₽;83 дня
DAIHATSU;67005B1070;Subaru;67005B1070;ДЕТАЛЬ;186886.13 ₽;50 дней
DAIHATSU;67005B1070;Subaru;67005B1070;ДЕТАЛЬ;119077.22 ₽;83 дня
DAIHATSU;67005B1070;Subaru;67005B1070;ДЕТАЛЬ;186886.13 ₽;50 дней
DAIHATSU;67005B1070;Daihatsu;67005B1070;ДЕТАЛЬ;63575.58 ₽;69 дней
DAIHATSU;67005B1070;Daihatsu;67005B1070;ДЕТАЛЬ;1059535.15 ₽;8 дней
DAIHATSU;67005B1070;Daihatsu;67005B1070000;ДВЕРЬ;63575.58 ₽;69 дней
DAIHATSU;67005B1070;Daihatsu;67005B1070;ДЕТАЛЬ;63575.58 ₽;69 дней
DAIHATSU;67005B1070;Daihatsu;67005B1070;ДЕТАЛЬ;1059535.15 ₽;8 дней
DAIHATSU;67005B1070;Daihatsu;67005B1070000;ДВЕРЬ;63575.58 ₽;69 дней
DAIHATSU;81150B4090;Daihatsu;81150B4090;ФАРА;67775.76 ₽;69 дней
DAIHATSU;81150B4090;Depo;2111132LLDEM;Фара;12911.04 ₽;3 дня
DAIHATSU;81150B4090;Daihatsu;81150B4090;ФАРА;67775.76 ₽;69 дней
DAIHATSU;81150B4090;Depo;2111132LLDEM;Фара;12911.04 ₽;3 дня
DAIHATSU;81150B4090;Depo;2111132LLDEM;Фара;12911.04 ₽;3 дня
DAIHATSU;81150B4090;Depo;2111132LLDEM;Фара;12911.04 ₽;3 дня
